Colorcode;beeld;ae;aantal
201935621;201935621_layout_outline_1.pdf;192;192
201935621;201935621_layout_outline_2.pdf;192;192
201935621;201935621_layout_outline_3.pdf;192;192
201935621;201935621_layout_outline_4.pdf;384;192
201935621;201935621_layout_outline_4.pdf;384;192
201935621;201935621_layout_outline_5.pdf;960;192
201935621;201935621_layout_outline_5.pdf;960;192
201935621;201935621_layout_outline_5.pdf;960;192
201935621;201935621_layout_outline_5.pdf;960;192
201935621;201935621_layout_outline_5.pdf;960;192
201935621;201935621_layout_outline_6.pdf;192;192
201935621;201935621_layout_outline_7.pdf;768;192
201935621;201935621_layout_outline_7.pdf;768;192
201935621;201935621_layout_outline_7.pdf;768;192
201935621;201935621_layout_outline_7.pdf;768;192
201935621;201935621_layout_outline_8.pdf;384;192
201935621;201935621_layout_outline_8.pdf;384;192
201935621;201935621_layout_outline_9.pdf;576;192
201935621;201935621_layout_outline_9.pdf;576;192
201935621;201935621_layout_outline_9.pdf;576;192
201935621;201935621_layout_outline_10.pdf;192;192
201935621;201935621_layout_outline_11.pdf;192;192
201935621;201935621_layout_outline_12.pdf;192;192
201935621;201935621_layout_outline_13.pdf;384;192
201935621;201935621_layout_outline_13.pdf;384;192
201935621;201935621_layout_outline_14.pdf;192;192
201935621;201935621_layout_outline_15.pdf;192;192
201935621;201935621_layout_outline_16.pdf;192;192
201935627;201935627_layout_outline_1.pdf;192;192
201935627;201935627_layout_outline_2.pdf;192;192
201935627;201935627_layout_outline_3.pdf;192;192
201935627;201935627_layout_outline_4.pdf;960;192
201935627;201935627_layout_outline_4.pdf;960;192
201935627;201935627_layout_outline_4.pdf;960;192
201935627;201935627_layout_outline_4.pdf;960;192
201935627;201935627_layout_outline_4.pdf;960;192
201935627;201935627_layout_outline_5.pdf;192;192
201935627;201935627_layout_outline_6.pdf;384;192
201935627;201935627_layout_outline_6.pdf;384;192
201935627;201935627_layout_outline_7.pdf;384;192
201935627;201935627_layout_outline_7.pdf;384;192
201935627;201935627_layout_outline_8.pdf;384;192
201935627;201935627_layout_outline_8.pdf;384;192
201935627;201935627_layout_outline_9.pdf;192;192
201935627;201935627_layout_outline_10.pdf;192;192
201935627;201935627_layout_outline_11.pdf;192;192
201935627;201935627_layout_outline_12.pdf;192;192
201935627;201935627_layout_outline_13.pdf;192;192
201935627;201935627_layout_outline_14.pdf;192;192
201935627;201935627_layout_outline_15.pdf;192;192
201935627;201935627_layout_outline_16.pdf;192;192
201935627;201935627_layout_outline_17.pdf;192;192
201935627;201935627_layout_outline_18.pdf;96;192
201935627;201935627_layout_outline_19.pdf;192;192
201935627;201935627_layout_outline_20.pdf;96;192
