Colorcode;aantal;beeld
7061254033032;6;201930917_13.pdf
7061253914318;8;201930917_11.pdf
7061259771380;8;201930917_12.pdf
7061256829473;8;201930917_17.pdf
7061253890360;8;201930917_18.pdf
7061253013233;8;201930917_26.pdf
7061257965835;8;201930917_32.pdf
7061255112040;8;201930917_33.pdf
7061251522614;8;201930917_35.pdf
7061251599067;8;201930917_36.pdf
7061255500595;8;201930917_37.pdf
7061252163137;8;201930917_38.pdf
7061258766813;8;201930917_42.pdf
7061258630640;8;201930917_43.pdf
7061258209310;8;201930917_52.pdf
7061253950989;8;201930917_65.pdf
7061257484411;8;201930917_66.pdf
7061252619528;8;201930917_67.pdf
7061255466914;8;201930917_72.pdf
7061255164704;8;201930917_73.pdf
7061254573934;8;201930917_74.pdf
7061254671005;8;201930917_78.pdf
7061256961883;8;201930917_79.pdf
7061252392605;8;201930917_80.pdf
7061259083810;8;201930917_81.pdf
7061256832589;14;201930917_4.pdf
7061251552635;14;201930917_9.pdf
7061257513777;14;201930917_10.pdf
7061253623081;14;201930917_16.pdf
7061251609193;14;201930917_53.pdf
7061258201802;14;201930917_59.pdf
7061254261879;14;201930917_60.pdf
7061252343607;14;201930917_68.pdf
7061253476700;19;201930917_5.pdf
7061253092580;19;201930917_54.pdf
7061257145688;19;201930917_58.pdf
7061251389422;20;201930917_14.pdf
7061253263157;20;201930917_15.pdf
7061258920963;24;201930917_44.pdf
7061255296870;29;201930917_61.pdf
7061254919381;29;201930917_75.pdf
7061251549260;30;201930917_29.pdf
7061259178554;30;201930917_30.pdf
7061258206647;30;201930917_34.pdf
7061254024221;34;201930917_51.pdf
7061256251236;34;201930917_57.pdf
7061257842129;35;201930917_25.pdf
7061259433011;35;201930917_40.pdf
7061256426665;39;201930917_1.pdf
7061253208615;39;201930917_45.pdf
7061251594437;39;201930917_47.pdf
7061253630966;40;201930917_27.pdf
7061255234889;40;201930917_28.pdf
7061253912550;44;201930917_2.pdf
7061252986194;44;201930917_63.pdf
7061252716821;44;201930917_64.pdf
7061251817642;45;201930917_39.pdf
7061252360116;45;201930917_71.pdf
7061257795548;50;201930917_3.pdf
7061251909194;50;201930917_23.pdf
7061256753686;50;201930917_24.pdf
7061258932805;50;201930917_69.pdf
7061255272164;50;201930917_77.pdf
7061258163414;56;201930917_31.pdf
7061257961202;60;201930917_55.pdf
7061256802704;61;201930917_22.pdf
7061257995085;61;201930917_41.pdf
7061255561282;65;201930917_62.pdf
7061251600930;66;201930917_20.pdf
7061254641596;66;201930917_21.pdf
7061251388203;70;201930917_70.pdf
7061259489605;77;201930917_76.pdf
7061254232176;81;201930917_56.pdf
7061256522510;86;201930917_49.pdf
7061252952830;87;201930917_7.pdf
7061254586828;91;201930917_46.pdf
7061252596782;112;201930917_48.pdf
7061253605292;112;201930917_82.pdf
7061259494869;117;201930917_50.pdf
7061257683494;122;201930917_8.pdf
7061251768678;160;201930917_19.pdf
7061253856083;332;201930917_6.pdf
