Colorcode;Colorname;Finish;num;aantal;omschrijving;pdf;ean;CN;beeld;
93633-20;999; black combi;XS/34;36;8719937338873;16;34;36;201918959_1.pdf;
;;;;1;;;;1;geel.pdf;
93633-20;999; black combi;S/36;131;8719937296081;59;124;131;201918959_2.pdf;
;;;;1;;;;1;stans.pdf;
93633-20;999; black combi;M/38;183;8719937338880;83;174;183;201918959_3.pdf;
;;;;1;;;;1;stans.pdf;
93633-20;999; black combi;L/40;183;8719937338897;83;174;183;201918959_4.pdf;
;;;;1;;;;1;stans.pdf;
93633-20;999; black combi;XL/42;129;8719937338903;58;122;129;201918959_5.pdf;
;;;;1;;;;1;stans.pdf;
93633-20;999; black combi;2XL/44;82;8719937338910;37;78;82;201918959_6.pdf;
;;;;1;;;;1;stans.pdf;
93633-20;999; black combi;3XL/46;27;8719937338927;12;25;27;201918959_7.pdf;
;;;;1;;;;1;stans.pdf;
;;;;1;;;731;1;leeg.pdf;731
;;;;10;;;;10;geel.pdf;
;;;;1;;;;1;stans.pdf;972
93635-20;550; army/red combi;XS/34;53;8719937338637;24;50;53;201918959_8.pdf;
;;;;1;;;;1;stans.pdf;
93635-20;550; army/red combi;S/36;141;8719937296890;64;134;141;201918959_9.pdf;
;;;;1;;;;1;stans.pdf;
93635-20;550; army/red combi;M/38;241;8719937338644;109;229;241;201918959_10.pdf;
;;;;1;;;;1;stans.pdf;
93635-20;550; army/red combi;L/40;245;8719937338651;111;233;245;201918959_11.pdf;
;;;;1;;;;1;stans.pdf;
93635-20;550; army/red combi;XL/42;197;8719937338668;89;187;197;201918959_12.pdf;
;;;;1;;;;1;stans.pdf;
93635-20;550; army/red combi;2XL/44;104;8719937338675;47;99;104;201918959_13.pdf;
;;;;1;;;;1;stans.pdf;
93635-20;550; army/red combi;3XL/46;42;8719937338682;19;40;42;201918959_14.pdf;
;;;;1;;;;1;stans.pdf;
;;;;1;;;972;1;leeg.pdf;972
;;;;10;;;;10;geel.pdf;
;;;;1;;;;1;stans.pdf;3102
93636-20;720; sand combi;XS/34;161;8719937324258;73;153;161;201918959_15.pdf;
;;;;1;;;;1;stans.pdf;
93636-20;720; sand combi;S/36;499;8719937296906;226;475;499;201918959_16.pdf;
;;;;1;;;;1;stans.pdf;
93636-20;720; sand combi;M/38;732;8719937324265;332;697;732;201918959_17.pdf;
;;;;1;;;;1;stans.pdf;
93636-20;720; sand combi;L/40;706;8719937324272;320;672;706;201918959_18.pdf;
;;;;1;;;;1;stans.pdf;
93636-20;720; sand combi;XL/42;592;8719937324289;268;563;592;201918959_19.pdf;
;;;;1;;;;1;stans.pdf;
93636-20;720; sand combi;2XL/44;357;8719937324296;162;340;357;201918959_20.pdf;
;;;;1;;;;1;stans.pdf;
93636-20;720; sand combi;3XL/46;213;8719937324302;96;202;213;201918959_21.pdf;
;;;;1;;;;1;stans.pdf;
;;;;1;;;3102;1;leeg.pdf;3102
;;;;10;;;;10;geel.pdf;
;;;;1;;;;1;stans.pdf;5068
93639-20;450; red combi;XS/34;241;8719937326061;109;229;241;201918959_22.pdf;
;;;;1;;;;1;stans.pdf;
93639-20;450; red combi;S/36;1207;8719937296920;547;1149;1207;201918959_23.pdf;
;;;;1;;;;1;stans.pdf;
93639-20;450; red combi;M/38;1893;8719937326078;858;1802;1893;201918959_24.pdf;
;;;;1;;;;1;stans.pdf;
93639-20;450; red combi;L/40;1983;8719937326085;899;1888;1983;201918959_25.pdf;
;;;;1;;;;1;stans.pdf;
;;;;1;;;5068;1;leeg.pdf;5068
;;;;10;;;;10;geel.pdf;
;;;;1;;;;1;stans.pdf;3090
93639-20;450; red combi;XL/42;1688;8719937326092;765;1607;1688;201918959_26.pdf;
;;;;1;;;;1;stans.pdf;
93639-20;450; red combi;2XL/44;1123;8719937326108;509;1069;1123;201918959_27.pdf;
;;;;1;;;;1;stans.pdf;
93639-20;450; red combi;3XL/46;435;8719937326115;197;414;435;201918959_28.pdf;
;;;;1;;;;1;stans.pdf;
;;;;1;;;3090;1;leeg.pdf;3090
;;;;10;;;;10;geel.pdf;
;;;;1;;;;1;stans.pdf;299
95601-20;925; grey combi;XS/34;31;8719937338699;14;29;31;201918959_29.pdf;
;;;;1;;;;1;stans.pdf;
95601-20;925; grey combi;S/36;58;8719937295565;26;55;58;201918959_30.pdf;
;;;;1;;;;1;stans.pdf;
95601-20;925; grey combi;M/38;71;8719937338705;32;67;71;201918959_31.pdf;
;;;;1;;;;1;stans.pdf;
95601-20;925; grey combi;L/40;62;8719937338712;28;59;62;201918959_32.pdf;
;;;;1;;;;1;stans.pdf;
95601-20;925; grey combi;XL/42;47;8719937338729;21;44;47;201918959_33.pdf;
;;;;1;;;;1;stans.pdf;
95601-20;925; grey combi;2XL/44;34;8719937338736;15;32;34;201918959_34.pdf;
;;;;1;;;;1;stans.pdf;
95601-20;925; grey combi;3XL/46;14;8719937338743;6;13;14;201918959_35.pdf;
;;;;1;;;;1;stans.pdf;
;;;;1;;;299;1;leeg.pdf;299
;;;;10;;;;10;geel.pdf;
;;;;1;;;;1;stans.pdf;5171
97761-20;625; blue combi;XS/34;257;8719937324555;116;244;257;201918959_36.pdf;
;;;;1;;;;1;stans.pdf;
97761-20;625; blue combi;S/36;1229;8719937297026;557;1170;1229;201918959_37.pdf;
;;;;1;;;;1;stans.pdf;
97761-20;625; blue combi;M/38;1997;8719937324562;905;1901;1997;201918959_38.pdf;
;;;;1;;;;1;stans.pdf;
97761-20;625; blue combi;L/40;1949;8719937324579;884;1856;1949;201918959_39.pdf;
;;;;1;;;;1;stans.pdf;
;;;;1;;;5171;1;leeg.pdf;5171
;;;;10;;;;10;geel.pdf;
;;;;1;;;;1;stans.pdf;2650
97761-20;625; blue combi;XL/42;1594;8719937324586;723;1518;1594;201918959_40.pdf;
;;;;1;;;;1;stans.pdf;
97761-20;625; blue combi;2XL/44;874;8719937324593;396;832;874;201918959_41.pdf;
;;;;1;;;;1;stans.pdf;
97761-20;625; blue combi;3XL/46;315;8719937324609;143;300;315;201918959_42.pdf;
;;;;1;;;;1;stans.pdf;
;;;;1;;;2650;1;leeg.pdf;2650
;;;;10;;;;10;geel.pdf;
;;;;1;;;;1;stans.pdf;1141
97765-20;240; mustard/green combi;XS/34;53;8719937338750;24;50;53;201918959_43.pdf;
;;;;1;;;;1;stans.pdf;
97765-20;240; mustard/green combi;S/36;188;8719937297231;85;179;188;201918959_44.pdf;
;;;;1;;;;1;stans.pdf;
97765-20;240; mustard/green combi;M/38;267;8719937338767;121;254;267;201918959_45.pdf;
;;;;1;;;;1;stans.pdf;
97765-20;240; mustard/green combi;L/40;263;8719937338774;119;250;263;201918959_46.pdf;
;;;;1;;;;1;stans.pdf;
97765-20;240; mustard/green combi;XL/42;233;8719937338781;105;221;233;201918959_47.pdf;
;;;;1;;;;1;stans.pdf;
97765-20;240; mustard/green combi;2XL/44;135;8719937338798;61;128;135;201918959_48.pdf;
;;;;1;;;;1;stans.pdf;
97765-20;240; mustard/green combi;3XL/46;62;8719937338804;28;59;62;201918959_49.pdf;
;;;;1;;;;1;stans.pdf;
;;;;1;;;1141;1;leeg.pdf;1141
;;;;10;;;;10;geel.pdf;
;;;;1;;;;1;stans.pdf;2096
97766-20;550; army combi;XS/34;171;8719937324616;77;162;171;201918959_50.pdf;
;;;;1;;;;1;stans.pdf;
97766-20;550; army combi;S/36;357;8719937297033;162;340;357;201918959_51.pdf;
;;;;1;;;;1;stans.pdf;
97766-20;550; army combi;M/38;548;8719937324623;248;521;548;201918959_52.pdf;
;;;;1;;;;1;stans.pdf;
97766-20;550; army combi;L/40;514;8719937324630;233;489;514;201918959_53.pdf;
;;;;1;;;;1;stans.pdf;
97766-20;550; army combi;XL/42;382;8719937324647;173;363;382;201918959_54.pdf;
;;;;1;;;;1;stans.pdf;
97766-20;550; army combi;2XL/44;155;8719937324654;70;147;155;201918959_55.pdf;
;;;;1;;;;1;stans.pdf;
97766-20;550; army combi;3XL/46;78;8719937324661;35;74;78;201918959_56.pdf;
;;;;1;;;;1;stans.pdf;
;;;;1;;;2096;1;leeg.pdf;2096
;;;;10;;;;10;geel.pdf;
;;;;1;;;;1;stans.pdf;5586
97770-20;925; grey combi;XS/34;255;8719937323534;115;242;255;201918959_57.pdf;
;;;;1;;;;1;stans.pdf;
97770-20;925; grey combi;S/36;938;8719937295503;425;893;938;201918959_58.pdf;
;;;;1;;;;1;stans.pdf;
97770-20;925; grey combi;M/38;1328;8719937323541;602;1264;1328;201918959_59.pdf;
;;;;1;;;;1;stans.pdf;
97770-20;925; grey combi;L/40;1330;8719937323558;603;1266;1330;201918959_60.pdf;
;;;;1;;;;1;stans.pdf;
97770-20;925; grey combi;XL/42;1105;8719937323565;501;1052;1105;201918959_61.pdf;
;;;;1;;;;1;stans.pdf;
97770-20;925; grey combi;2XL/44;688;8719937323572;312;655;688;201918959_62.pdf;
;;;;1;;;;1;stans.pdf;
97770-20;925; grey combi;3XL/46;225;8719937323589;102;214;225;201918959_63.pdf;
;;;;1;;;;1;stans.pdf;
;;;;1;;;5586;1;leeg.pdf;5586
;;;;10;;;;10;geel.pdf;
;;;;1;;;;1;stans.pdf;3713
97771-20;550; army combi;XS/34;171;8719937324791;77;162;171;201918959_64.pdf;
;;;;1;;;;1;stans.pdf;
97771-20;550; army combi;S/36;596;8719937297125;270;567;596;201918959_65.pdf;
;;;;1;;;;1;stans.pdf;
97771-20;550; army combi;M/38;940;8719937324807;426;895;940;201918959_66.pdf;
;;;;1;;;;1;stans.pdf;
97771-20;550; army combi;L/40;882;8719937324814;400;840;882;201918959_67.pdf;
;;;;1;;;;1;stans.pdf;
97771-20;550; army combi;XL/42;682;8719937324821;309;649;682;201918959_68.pdf;
;;;;1;;;;1;stans.pdf;
97771-20;550; army combi;2XL/44;406;8719937324838;184;386;406;201918959_69.pdf;
;;;;1;;;;1;stans.pdf;
97771-20;550; army combi;3XL/46;225;8719937324845;102;214;225;201918959_70.pdf;
;;;;1;;;;1;stans.pdf;
;;;;1;;;3713;1;leeg.pdf;3713
;;;;10;;;;10;geel.pdf;
;;;;1;;;;1;stans.pdf;483
97771K-20;550; army combi;116;7;8719937344584;3;6;7;201918959_71.pdf;
;;;;1;;;;1;stans.pdf;
97771K-20;550; army combi;128;45;8719937344591;20;42;45;201918959_72.pdf;
;;;;1;;;;1;stans.pdf;
97771K-20;550; army combi;140;97;8719937344607;44;92;97;201918959_73.pdf;
;;;;1;;;;1;stans.pdf;
97771K-20;550; army combi;152;144;8719937297194;65;137;144;201918959_74.pdf;
;;;;1;;;;1;stans.pdf;
97771K-20;550; army combi;164;135;8719937344614;61;128;135;201918959_75.pdf;
;;;;1;;;;1;stans.pdf;
97771K-20;550; army combi;176;82;8719937344621;37;78;82;201918959_76.pdf;
;;;;1;;;;1;stans.pdf;
;;;;1;;;483;1;leeg.pdf;483
;;;;10;;;;10;geel.pdf;
;;;;1;;;;1;stans.pdf;971
97796-20;925; grey comb.;XS/34;53;8719937338811;24;50;53;201918959_77.pdf;
;;;;1;;;;1;stans.pdf;
97796-20;925; grey comb.;S/36;179;8719937297569;81;170;179;201918959_78.pdf;
;;;;1;;;;1;stans.pdf;
97796-20;925; grey comb.;M/38;243;8719937338828;110;231;243;201918959_79.pdf;
;;;;1;;;;1;stans.pdf;
97796-20;925; grey comb.;L/40;223;8719937338835;101;212;223;201918959_80.pdf;
;;;;1;;;;1;stans.pdf;
97796-20;925; grey comb.;XL/42;188;8719937338842;85;179;188;201918959_81.pdf;
;;;;1;;;;1;stans.pdf;
97796-20;925; grey comb.;2XL/44;102;8719937338859;46;97;102;201918959_82.pdf;
;;;;1;;;;1;stans.pdf;
97796-20;925; grey comb.;3XL/46;34;8719937338866;15;32;34;201918959_83.pdf;
;;;;1;;;;1;stans.pdf;
;;;;1;;;971;1;leeg.pdf;971
;;;;10;;;;10;geel.pdf;
;;;;1;;;;1;leeg.pdf;
